H3_Kruskal_stat,H3_Kruskal_p,H4_Spearman_rho,H4_Spearman_p
0.0,1.0,-0.033680716088724444,0.5501944862826416
