{
  "accuracy": 0.4152764305628981,
  "service_level_20": 0.35294117647058826
}