Model,MAE,WAPE,RMSE
Baseline lag1,2015.1521739130435,1.205846005749743,6379.24050781296
Baseline lag7,2157.4565217391305,1.290999440635854,7300.050864921064
RandomForest,983.2508152173912,0.5883670144263915,5237.576468796663
GradientBoosting,1017.3081920457923,0.6087465928753456,5238.489002807581
Prophet,1273.207906731363,0.7618743084001235,5245.074794852971
